Luxury,877.7858688286756,200.0024920011034,3,5
Luxury,262.61079803774817,78.05050884518725,4,3
Utility,271.7296994226458,513.9136038326225,52.3769113631942,Somewhat
Utility,672.4254375476569,860.7176059165577,75.35091339891203,Extreme
Utility,37.89276344327337,713.8331674023478,40.91804226414564,Extreme
Luxury,798.1886345106669,191.91880732317384,8,5
Utility,309.2492844373022,477.95751127580553,35.90818756000543,Extreme
Essential,196.46581362483406,502.10222972852307
Essential,328.178624312613,289.53181924264294
Luxury,877.697509140918,293.8093191430809,10,8
Luxury,591.6560346780259,531.432503577895,9,8
Luxury,888.5502419492327,179.32723982364453,7,2
Utility,858.3226162223242,874.0284314942496,74.64204719752514,Extreme
Utility,48.57915111762635,407.90240163513886,51.87808475074027,Extreme
Utility,245.3824949765735,376.60422624239305,32.15452825056021,Somewhat
Luxury,315.7165282243546,696.6141568816288,8,8
Essential,385.7223658943273,438.3711177626307
Luxury,130.65574585763972,161.73304183953127,6,9
Essential,355.8938895389998,610.4640058739325
Essential,506.5238253209385,626.3052975843564
Luxury,401.0167697524326,294.75134228004646,8,6
Essential,265.69070239165126,624.547366947397
Utility,554.0456723738367,864.4040971121626,37.424447254889984,Somewhat
Luxury,605.1806777446578,370.93626722101885,1,3
Essential,724.2518114164402,619.0571591164946
Essential,85.5095429081509,325.37185866371516
Essential,271.67886238227845,848.5992834342239
Utility,47.56981731742266,366.7467919994465,24.87660788750732,Extreme
Luxury,853.2322782411196,83.43239139415483,5,4
Utility,43.98880742106015,201.25026522701427,88.97791624529667,Extreme
Essential,772.762049071595,576.9169459777052
Essential,518.7339129248508,785.8439749182793
Essential,891.4597149523263,277.0548681835601
Essential,613.8865045793755,512.6011263057328
Luxury,804.4127358085234,26.414054563135327,8,10
Essential,862.6218173573907,901.9335019389039
Luxury,210.37418162607364,846.1595090892378,1,9
Utility,438.6656700430395,256.11908593637315,88.76141000835815,Somewhat
Utility,130.63646920276187,278.10397879000834,99.02014823587496,Somewhat
Essential,500.944194998984,741.810827981722
Essential,695.8884275269013,294.9210659363938
Luxury,711.8313449384289,576.2693181410007,1,7
Essential,173.34478069140857,708.819049587173
Luxury,896.3409217900131,277.6463354692405,5,5
Luxury,742.7444096529367,267.8527568903014,5,3
Luxury,690.5446534997197,552.4439222948888,1,1
Utility,183.76546331488763,443.9623898205813,96.67604810378907,Extreme
Utility,545.8360743305631,517.9746557261553,18.116804034374802,Somewhat
Luxury,528.1649263413764,662.2351195391016,2,3
Essential,655.1412472261871,522.4308252377939
Essential,210.99524188252812,357.8459216674942
Essential,18.094733350523075,725.6842325941735
Luxury,779.570599055141,527.7257420429476,1,8
Utility,118.60422546180548,385.84367351465755,89.14763765985893,Extreme
Essential,580.7541235182845,264.77273307043384
Luxury,880.4426388837868,335.17164287841337,7,6
Essential,207.5878216207716,528.0965290269822
Essential,527.6784569360135,391.4630951996701
Utility,747.1287679595472,390.70518677936576,49.95094882991086,Somewhat
Luxury,393.30626354274114,837.0336885702882,7,6
Utility,256.6194513523444,47.16310950535045,42.045474477431824,Somewhat
Luxury,654.085182053448,140.5091063708521,9,6
Luxury,330.04063603043494,596.6681176054838,7,9
Utility,171.58105289051056,163.62784726170526,86.0483719803968,Extreme
Essential,903.7077536227431,407.39634665132775
Utility,494.1253469298563,81.80338720735256,67.58062157860171,Extreme
Luxury,383.0453711633304,865.0092187873647,8,3
Essential,278.2206344447394,625.4430324294752
Essential,353.4577805165566,735.9061184753397
Utility,736.678001653647,566.743975493037,38.78754682479275,Extreme
Essential,714.854334496519,37.4641852036264
Luxury,516.9482082792453,774.257317533276,10,9
Luxury,661.0389047668859,770.93585539043,10,8
Utility,282.38117917642904,188.99622698344982,69.19735325185167,Somewhat
Utility,585.9015166970847,244.80577624149407,3.396002847823232,Somewhat
Luxury,62.41099304270169,215.25390139231493,9,4
Essential,713.2413904755393,790.1037578717734
Luxury,653.8001617027281,252.08517720845362,6,5
Essential,115.24024848419951,633.1401464554087
Utility,898.5138503394568,434.8913612992212,52.37250678502268,Extreme
Essential,102.64421477007964,392.5521592715513
Essential,667.7791924458846,49.73691187468818
Essential,225.1784501505969,484.17756013317506
Essential,402.4134540761679,315.84128339104876
Utility,886.4285147942926,471.56444536830514,79.93429658430533,Extreme
Luxury,694.9684901020504,667.3898238812674,1,10
Luxury,557.2260207860108,33.530907825974765,1,10
Utility,874.1526753635674,541.1431370147361,71.94435956088299,Extreme
Utility,71.48740962532939,371.7441055408661,88.45644001534201,Somewhat
Luxury,536.8909818524241,463.83578535552346,3,10
Utility,179.8107202369793,402.48729657368045,56.998754714772616,Extreme
Utility,648.3876828602396,586.4012013136672,92.61793087935759,Somewhat
Utility,745.9152517936088,714.3451603359399,36.478355928107234,Somewhat
Essential,648.7504757574534,170.20284445278406
Luxury,311.9841919568742,356.18589296953576,2,2
Essential,616.3795476038475,139.42650525589718
Utility,255.3806693986693,197.38204215048967,11.43209298649518,Extreme
Utility,460.208322834214,829.9318845084225,62.64107790164765,Somewhat
Luxury,180.4636700275268,444.77611295087,2,4
Luxury,853.1214003295211,155.53206161502655,8,4
Luxury,376.6676446031346,650.3791166728229,7,1
Utility,80.90208732518126,135.40989852386065,26.63431133308336,Somewhat
Utility,566.9325891209568,642.3007156911291,77.46089912364442,Extreme
Essential,528.4596943867278,238.06032069930137
Utility,519.6865935443045,485.10579030026634,51.88905983643368,Somewhat
Essential,538.0016041534132,119.12672348566815
Essential,784.2214091759861,250.57339911310046
Utility,187.8278317446137,166.11503726284548,61.14059444757459,Somewhat
Luxury,453.91178059770897,15.653174061390764,6,4
Utility,22.42522151291797,118.62473053200527,31.2390496923021,Somewhat
Essential,675.6512430601116,596.6038255573147
Utility,384.62309353173106,669.3861961487696,40.372609337744095,Somewhat
Essential,24.796667995525702,388.6703786695802
Luxury,778.651162836612,877.6364324539849,8,4
Essential,51.89725362522092,767.9704290470883
Luxury,727.6995275877853,906.6973385769686,3,4
Essential,544.4313527725459,833.3439632909518
Utility,621.009608304014,273.1267252513042,75.60504136519735,Extreme
Luxury,144.98883723077995,872.0753168396075,9,1
Essential,522.7748675369388,271.87849227029903
Utility,381.9067605483122,902.9187858681598,24.015035067707625,Extreme
Luxury,386.38420794630144,703.3171347406872,3,9
Essential,109.49341573233308,571.5620196361908
Luxury,623.2397621728842,175.26261384711916,3,4
Luxury,134.11770318991196,613.4620440289689,5,5
Essential,297.8399804066061,371.62753822639263
Utility,539.0460799830523,534.3929731388373,93.94573428440192,Somewhat
Luxury,161.31148873349863,645.1719297270058,6,6
Utility,381.8384644873877,743.8910272869356,5.9609281798488345,Extreme
Essential,216.77859437713732,394.03603423595786
Utility,233.9212711293476,127.32741804037786,3.0838113084727725,Extreme
Utility,387.5741814539584,798.6921896914133,99.92284373964625,Somewhat
Utility,361.65676860475867,861.7206668574612,9.174900058678382,Extreme
Utility,311.1058306929623,377.1657481031902,14.585208527154359,Somewhat
Utility,302.54611244949785,148.6341896823374,40.71249130678579,Somewhat
Utility,717.7274479117176,146.11252011567933,52.98806223409026,Somewhat
Luxury,622.6415277827973,284.4767341919049,7,7
Utility,421.9158356221141,357.27043973549127,87.43275297413048,Somewhat
Essential,640.3567048582041,122.37172859555614
Utility,736.6877383202961,486.09314955536166,71.78214867614294,Somewhat
Essential,105.57238520031456,850.9971047788945
Luxury,797.9273370167941,439.6428212042841,4,3
Luxury,283.6966427762746,661.0343882628882,1,3
Utility,810.3536588905888,528.5960538250333,64.91652573800715,Extreme
Utility,707.6579249819221,754.2639992064601,7.618222429791821,Somewhat
Essential,76.3502629858654,833.8107780265718
Luxury,674.7679293427071,672.0644381723247,8,3
Luxury,653.7914956904082,209.31378935401293,3,7
Luxury,32.03586095666004,458.6559024986048,10,7
Luxury,666.0326118442185,326.9137154491095,5,2
Luxury,400.33447197549077,504.2722354279498,6,6
Utility,752.962216157361,871.2983351814017,74.20020345733677,Somewhat
Utility,613.2606851918808,205.72423501406476,36.5737992238799,Extreme
Utility,307.66787967965587,387.5596658287258,21.80430739373008,Somewhat
Luxury,784.3344862385783,182.90745737634506,7,7
Luxury,596.6655103947829,238.76427302068004,6,9
Essential,679.682796175562,533.2904313000475
Utility,107.8045393957605,127.85060425609744,48.998853287782985,Extreme
Utility,789.8571330248759,405.8020410664641,54.06338663650592,Somewhat
Luxury,134.1082930349636,837.6151899638099,10,7
Utility,311.145002754064,636.348035859635,31.782501803397867,Somewhat
Utility,496.4511018339999,728.8530094767132,72.94491073567735,Extreme
Luxury,406.60924242969276,242.59633174126995,9,1
Essential,863.7088049398758,209.4380346312265
Utility,14.15670604656696,599.3612846953147,0.1661284275349728,Somewhat
Essential,88.72734140039142,554.8084044791481
Essential,163.17207426436033,164.7820008946375
Luxury,659.6448754904461,571.9330578885695,3,2
Essential,489.70231636442,218.8762911497422
Essential,673.177155016989,741.6587217355674
Luxury,869.478656054028,62.68330192019166,6,1
Luxury,556.239167757435,752.5803717189158,8,7
Utility,495.4085876406138,670.2627887868898,18.364116078708925,Somewhat
Luxury,790.612102988005,328.12172444186444,6,10
Luxury,22.02078489811881,148.85812457735034,5,1
Essential,610.6505694273611,558.7046113331432
Utility,561.4474013626715,809.0983531339402,82.60547835580971,Extreme
Utility,223.29851814218634,22.1718463587246,67.57984987714252,Extreme
Utility,486.36050558530275,89.82444673297627,97.68976804298266,Extreme
Essential,67.40728278018265,607.094668795117
Utility,669.7082272843984,602.2903661471772,45.01460931039328,Extreme
Essential,851.0075167014055,37.71438513184932
Essential,764.3329385667562,556.0459552812287
Utility,737.7138486703335,342.27383101999465,86.61622942966238,Somewhat
Essential,201.7114916935816,664.397463386037
Luxury,163.6435903107843,199.73520452860473,7,3
Utility,440.6090515513972,772.3928520815834,64.17974665051932,Extreme
Utility,149.8116024080735,19.796248939668907,53.39037439560252,Somewhat
Luxury,682.7187862679388,849.4979221464242,1,3
Luxury,647.1350278485015,259.7528560255324,8,3
Luxury,259.47593824352185,433.7054021286353,2,8
Luxury,465.0497054300496,29.383796338930182,9,1
Essential,212.85244835386663,440.8304556392205
Luxury,321.52965901278736,78.82284510491428,1,3
Utility,719.8899681696815,851.2643748557226,10.126121259735344,Extreme
Luxury,742.1644648144658,718.4028844653614,4,1
Luxury,619.8644119549623,589.2345743806808,5,2
Utility,211.06240042165797,32.21653389538926,55.07432220348806,Extreme
Essential,31.904990410820368,642.853146911797
Luxury,124.24443921756915,407.4973207096709,10,7
Utility,311.5860972662949,892.403642251977,10.486597448287204,Extreme
Utility,46.39883990302097,799.611292237707,76.53965549978878,Somewhat
Essential,604.6133179912247,737.9653269435154
Luxury,404.5995638987107,132.52862500456965,2,1
Utility,854.6390998472457,109.5648306059649,47.68692064067832,Extreme
Utility,490.55694182699233,872.4055398923336,1.9147670976783382,Somewhat
Essential,749.3119549232921,375.163487072914
Luxury,522.6294947955795,702.9251904387756,2,5
Luxury,53.92276196261628,263.6615997800995,1,3
Essential,774.7546656993615,888.9096737541386
Utility,78.18132940322383,823.0823793124456,66.74967043880913,Extreme
Luxury,244.0509416424962,357.28320270030537,10,9
Luxury,784.6808234699138,105.59606064671732,8,3
Utility,200.4359369099472,667.8570601369526,76.44473923468595,Somewhat
Utility,208.5438770582057,598.0199683217126,72.64215536854333,Extreme
Luxury,218.7004316274401,501.53153393741337,9,10
Essential,497.17092371317636,254.31934422904024
Luxury,480.5384967084684,110.70448949859971,1,2
Essential,869.204992284966,437.66507125191043
Luxury,892.6837524824358,384.4435134167885,9,5
Luxury,93.2279115103317,854.0520668299232,3,3
Essential,347.55840608106837,148.0543562027947
Luxury,72.63234759270955,165.83713520835755,1,1
Luxury,630.2352353012334,193.61469816052676,6,3
Utility,53.39955736449021,289.25338891358876,41.28141366199342,Extreme
Essential,354.4271757684632,810.3056649060911
Utility,338.65050794360366,319.54892498702543,24.272766284080717,Somewhat
Luxury,187.4110386966294,447.75985442698163,5,1
Luxury,805.461446443532,207.13301111196654,8,9
Essential,84.16234775361494,699.751725790633
Luxury,747.4207703848022,479.3306509974186,2,1
Luxury,21.45749047793718,473.5037879310775,2,2
Essential,581.2276533946034,96.37973432358638
Utility,273.5458939764994,118.06154737262032,96.43770031525685,Extreme
Utility,302.75237508911397,398.7477436779936,30.647213274990794,Extreme
Luxury,198.59467424952433,643.5781656154277,4,5
Luxury,563.6930768566831,307.0618872497019,3,4
Essential,555.9269327062328,779.9433985132829
Luxury,177.7620307479823,77.10641018957298,4,7
Essential,898.5036820932413,146.9183456128995
Luxury,85.60646207888136,134.90341452976065,5,8
Essential,703.9528020521922,734.7856260862139
Utility,737.2008871305437,597.8388955739615,3.1459392862027924,Extreme
Essential,37.07387395587517,718.060678230159
Essential,772.199017938452,364.05958461501007
Utility,223.77361061641002,505.7872926889139,28.33453245621147,Somewhat
Essential,126.17251213403095,303.106759514244
Utility,185.83038642517818,371.1315103002596,8.955551948081087,Extreme
Utility,110.20096474504251,252.03899319413185,6.641761048248107,Extreme
Utility,64.9157691030266,837.0523482501552,14.447491129129919,Somewhat
Utility,655.7699993308198,368.7471881997659,81.0040439170663,Extreme
Essential,580.4982859947502,731.0143430901071
Luxury,35.674008880526245,854.9618802419843,4,9
Utility,285.4055938478634,448.47241444146704,18.79266555435991,Extreme
Luxury,191.49303567191347,835.5308010321834,1,5
Luxury,148.93054126104838,880.5505663551687,9,3
Luxury,147.3247815799672,522.0309949757484,4,7
Luxury,285.49409706642126,131.16123498791032,6,4
Luxury,104.98620843863162,689.3472595099767,7,8
Luxury,446.8668688637805,90.88967672668423,9,5
Luxury,201.54719269916228,573.2743277684264,7,1
Utility,24.68104947808059,256.66355988983554,24.926748982380243,Somewhat
Luxury,412.0403969039161,521.6254931061541,4,6
Essential,873.4070854504643,450.7757575587745
Essential,399.73022425873,381.2234346575216
Utility,31.026851418328597,904.0111331873208,77.66794643875633,Somewhat
Essential,676.3912819255554,852.6244504980232
Utility,267.3012835070814,47.72675720940113,33.387155796382416,Somewhat
Luxury,302.3558371535247,736.4107187727868,9,9
Utility,773.6437383204717,268.2796459454733,35.589832395482055,Extreme
Essential,630.1956286931468,502.24016691463277
Utility,714.5110883178963,524.740017531586,85.1381491121855,Somewhat
Luxury,494.3380494025447,468.1609243669571,2,5
Essential,680.2125274475015,178.25573474302976
Essential,178.31808553640303,441.6284798686279
Utility,802.2823423520881,578.5050431858301,73.44486691652818,Somewhat
Utility,308.39928604692386,10.964559766805328,80.92607925038341,Extreme
Luxury,585.152211458009,159.40270840066756,5,4
Utility,488.565998527354,785.417470743475,99.38508883214088,Extreme
Luxury,818.6780162964391,53.84654346663257,6,8
Luxury,800.6264286935689,718.1135750869541,5,7
Essential,310.1246932179618,603.6552423740583
Essential,698.1118616407455,36.99838249281143
Utility,396.9239241762036,598.3700707528027,41.222139313362895,Somewhat
Luxury,207.29307328681566,898.3148736223352,6,9
Utility,593.537837079208,522.1213849905395,24.567060274470187,Somewhat
Luxury,813.5962414131261,38.18359222745666,7,8
Essential,251.1543010176692,81.9101809937038
Utility,470.61045012394646,444.31007913003555,98.71598300896956,Somewhat
Essential,286.85915441385134,350.84285217457693
Luxury,509.0286827329251,646.3632640884188,9,10
Utility,151.68631613850934,602.4029596737173,57.83773765296576,Extreme
Utility,47.56824437672357,737.500510572146,14.465220448697657,Extreme
Luxury,28.778514810826586,456.2918613563041,8,7
Luxury,735.0256614267895,515.57384965335,5,10
Essential,651.6132275218494,811.8675660061684
Luxury,869.9578575034602,487.2110252862674,10,9
Essential,114.11593323332863,891.7756729250822
Essential,179.5815530395261,433.2548482137136
Luxury,247.6367634630641,683.2831842527218,6,6
Essential,363.68309098400704,292.1879197059495
Luxury,264.2433787477296,660.7125261597325,9,2
Utility,24.874935348756367,591.4967284476895,40.47003053264648,Somewhat
Utility,294.5077090459459,522.512028241602,92.80452158347593,Extreme
Essential,113.85415296710609,870.2279730071025
Utility,168.3397243664024,307.77896961021617,49.098244565089345,Extreme
Utility,451.5167624895174,275.37162543231864,74.55802685853136,Extreme
Utility,410.91832431096196,719.7238991536983,69.18724096898107,Somewhat
Utility,771.9071124371198,475.6217372074976,48.296360651151474,Somewhat
Luxury,428.6283602730992,649.716266727626,5,2
Essential,482.7474917513729,552.198686637338
Utility,84.42947894155091,247.34005643132403,6.978166278537213,Extreme
Utility,261.69898493718875,531.511906512076,5.969881463696936,Somewhat
Luxury,256.50289596662316,871.4782649636339,9,3
Luxury,774.2394513895496,127.42481734678773,3,8
Luxury,101.0774598750397,857.1012078569565,10,3
Essential,499.29555683940464,849.8238436585192
Utility,549.2226806336271,382.76674705864434,30.596899672152823,Somewhat
Essential,695.2807961172689,537.4202563797
Luxury,286.48486190506316,359.65756415848074,7,2
Utility,743.7869518096387,219.80567834827812,8.887156962872789,Somewhat
Luxury,247.38099658816228,128.3763194832436,9,2
Essential,867.2532200989289,497.0779445376232
Luxury,628.9266144440738,267.4539754559138,9,5
Essential,391.6440658452475,153.67611838730906
Essential,49.56346497669544,34.64794365076123
Essential,759.6003279523003,357.9177678355628
Utility,389.4120914468234,287.65446453977864,56.00877676021297,Extreme
Luxury,650.2882150576457,12.755660940083526,6,5
Luxury,176.4268677904313,728.3116451915668,1,4
Essential,259.78080844346385,298.46425792542084
Luxury,630.3339906621154,880.6128683341635,10,8
Utility,227.00714338364745,795.960010914683,71.96648320760947,Somewhat
Luxury,219.34894052248808,678.420273068631,1,3
Luxury,852.8555853634505,78.62268741756269,3,5
Utility,176.8308370126516,753.818724051812,89.06000277107863,Somewhat
Utility,292.87036235496714,448.33441775316885,19.2621940423216,Somewhat
Luxury,91.4521044976037,415.59633752841836,8,6
Luxury,615.1552818611183,888.9133332987576,4,10
Luxury,677.3816013357081,635.8352154596696,4,4
Utility,323.94119776043,230.20684090909793,93.4006459574238,Somewhat
Luxury,235.83949647256296,820.6965980705494,7,4
Essential,135.08574290743948,75.02032881501182
Utility,599.8179859439081,183.06424174546154,18.51779715180305,Extreme
Essential,57.57943861626156,524.3717477934251
Luxury,624.703338945143,142.8863718994457,6,9
Utility,62.0839060892548,815.951120149012,29.11702453279794,Somewhat
Essential,458.592462538687,112.8789355819684
Utility,454.3352995596164,889.8098506655554,13.118003709604299,Extreme
Luxury,460.87301839791604,682.1352689789575,2,9
Essential,794.7671762979246,76.67595621576012
Utility,684.1069999040184,217.3493232923126,63.06703342516505,Somewhat
Luxury,67.1434228759681,587.4602381058791,4,4
Utility,399.35508584618157,79.56094180176454,69.29427070638755,Extreme
Luxury,130.58401656396978,432.4944881487171,4,2
Luxury,195.1998086535146,355.47660319799434,7,10
Essential,352.310313088819,346.53134450656074
Luxury,242.8344930492524,889.1294475010767,5,3
Utility,476.3092456743397,566.7724237195883,45.298233462365324,Somewhat
Essential,658.3292750644357,570.3638867327389
Luxury,465.77543357348816,214.11763351789654,1,9
Essential,566.0820874206613,511.87986902899763
Luxury,351.0100489210834,394.9555461444701,5,8
Essential,182.66265368368522,657.88143293331
Essential,138.00219365338137,832.0488962397676
Essential,512.9865074509544,293.6290092306302
Luxury,112.53219109594642,810.1807249719288,6,9
Essential,317.0039617683617,750.5952450845464
Luxury,152.29910477970208,844.0116618105919,6,6
Essential,677.6196055451578,455.25427431322254
Luxury,707.5247191988196,777.4366820753369,10,2
Essential,837.2908756057495,780.7469668605114
Essential,185.50267334781077,545.2271184497755
Utility,646.9823914378733,87.39650941610505,8.97246228106916,Somewhat
Utility,710.551208944086,500.74874230483414,34.456742020978545,Somewhat
Luxury,365.12411081548936,521.0908753837473,6,8
Essential,311.45403577680776,300.18077662115076
Luxury,590.7029549373242,288.13387026884106,6,7
Luxury,787.291453305527,271.18538141271137,7,7
Utility,473.44889050033896,801.81893035012,55.46221257408603,Somewhat
Utility,904.361200825704,526.745594958139,25.293482537087353,Somewhat
Luxury,31.261321860757544,478.828752821463,10,6
Utility,795.1694374335815,601.3388453640057,42.32910616119301,Somewhat
Essential,752.876003970782,551.272187577294
Essential,646.407992293797,174.83263897533075
Essential,716.4822383171814,686.834958059906
Luxury,290.21436131633965,233.87404663837987,5,7
Luxury,393.82681619588243,284.54284573427174,1,7
Luxury,633.7993680388311,73.343554319762,3,10
Luxury,652.0693185948485,518.7339121404325,7,7
Utility,858.8537114665107,114.10177300286925,81.94999357817497,Somewhat
Essential,898.7822982684625,602.9991326149643
Utility,829.6068682933325,495.60507560631675,35.905383588362774,Somewhat
Essential,199.5394833921444,758.0958954660439
Luxury,484.1761708747169,536.1879467251106,6,3
Luxury,639.6809186121624,403.6251733970848,4,10
Essential,111.89669816963539,431.7513086812103
Luxury,901.0196826796357,712.2737332755876,9,3
Utility,147.8173875889965,905.0861868713555,95.94801616697136,Extreme
Luxury,250.78507803679062,481.2160112633724,3,9
Utility,652.8181315397253,362.3781603447308,95.39242488344155,Somewhat
Utility,602.9857030223463,358.7286574429015,31.502530360674907,Extreme
Luxury,517.1296809767389,871.0213651157155,10,2
Essential,426.66630917735864,82.73579786328833
Utility,347.5562745577637,847.9706781182649,82.10316571360465,Extreme
Utility,424.9117578086187,297.505309953498,88.43418875378826,Somewhat
Utility,889.1674625787692,429.58915290099776,85.64410662063247,Extreme
Utility,573.1005503460707,887.6429014229093,25.893412716356533,Somewhat
Luxury,533.3781311250009,510.7517360494087,1,10
Luxury,660.4911032056259,72.46717225875992,1,5
Utility,711.012817070766,790.099205454882,8.86407309656494,Somewhat
Essential,23.409692019417484,297.4762915960785
Utility,322.84652530298695,148.37117765912944,27.051657412494478,Somewhat
Utility,215.84085922217707,593.235383885492,36.080313453921676,Extreme
Essential,273.7936220865572,391.96310498353836
Utility,355.753948389325,53.70081139645724,2.519577721549926,Extreme
Essential,166.32103697237076,372.33409256717545
Essential,186.17171164900387,504.5388367162319
Essential,610.3278790436395,278.39659327764235
Essential,767.2621513730529,419.8673211449079
Utility,446.72527048798736,231.19092028873965,20.63506947058996,Extreme
Essential,290.46828637042387,97.0944475095993
Essential,526.5408332365471,515.2186228016651
Utility,167.66919875181574,102.33683597998113,44.185183205615544,Extreme
Utility,743.4421881100811,867.7050868403863,7.464015692326187,Somewhat
Essential,635.0490710827244,304.53428201111785
Utility,61.408158733580535,727.3421088157705,44.33304260817542,Somewhat
Essential,529.1897934956257,320.3866446767364
Essential,78.5806544995346,563.5289838464156
Luxury,670.1374061064506,349.16476607002915,3,1
Essential,829.8368113004852,428.6396988080593
Utility,411.9943816660689,103.98281073180468,97.09043185159744,Somewhat
Essential,190.91162381870492,563.3478828097274
Luxury,633.7865025196892,664.771684252908,8,5
Luxury,125.45792562244128,253.9739200751151,3,8
Essential,210.64652064313842,683.3574034765803
Luxury,613.6935512665711,70.11654717333269,6,1
Utility,508.55563373808525,19.70047128714191,75.35269564831827,Somewhat
Luxury,162.94715860231906,855.865932828533,1,9
Luxury,857.0240342618409,339.36155988975827,9,10
Utility,286.79788397546423,326.1395800268723,56.86228900138987,Extreme
Utility,620.4089302732799,657.9358732830284,2.935058990888262,Somewhat
Luxury,628.7055076606619,324.30803417165833,2,8
Luxury,211.38130503743406,599.7919292580046,1,8
Utility,506.05585410750956,94.06709022299096,44.01524387299409,Extreme
Essential,888.7085179591436,347.1750162704322
Utility,124.36606167086055,633.8902723090206,14.703355753722015,Somewhat
Utility,247.53956275485902,254.5563420721649,78.22304195810632,Somewhat
Luxury,816.2934412182448,488.3577026321487,5,9
Utility,10.289824455253163,265.2665234208699,38.57547884749722,Extreme
Essential,460.8095517033906,815.5086749512665
Luxury,676.9195904147182,289.1577675623835,2,4
Essential,161.94226826060404,529.6486502660729
Luxury,235.121392099096,328.1459427495588,5,4
Essential,329.59074203031037,423.40517386791436
Luxury,569.5229424704438,425.8149398004868,8,10
Luxury,794.3914216357572,23.235618936931083,5,9
Utility,820.4264887172262,14.502273092814379,47.0216612834661,Somewhat
Essential,130.6765475493012,15.781530238183063
Utility,386.7169673306413,685.9977625289739,38.53500431915108,Somewhat
Luxury,343.8515596996627,254.4026357703079,7,1
Luxury,57.815642964067585,486.53565739458367,5,2
Utility,99.15092517009424,401.37211755346317,32.407489905033806,Extreme
Essential,272.4317695962961,645.4419911526554
Utility,624.803522469666,659.2344526594143,96.76754293217111,Extreme
Luxury,386.4555461480242,504.9551275677309,2,6
Utility,703.0032824333159,872.9380450280412,73.57093730122011,Extreme
Utility,172.43017373731848,850.3592011204615,88.4871487942305,Extreme
Luxury,133.73704795957087,808.0837397433984,4,9
Essential,850.463022793388,871.735478140415
Essential,275.18051179887175,357.05537865468966
Luxury,851.9355326879618,496.18758132478246,1,7
Utility,89.6310849992861,400.4412602408148,62.514130071191765,Somewhat
Essential,757.8883630222812,598.6268319006873
Luxury,35.08161083632137,83.2014910693944,2,6
Essential,267.31907664374154,647.3774346420557
Luxury,643.2713526406952,175.8161907129494,7,7
Essential,656.5730096937464,513.2257011576689
Essential,236.69132414025083,156.88910241803663
Essential,574.4445551417383,398.07692828889515
Essential,609.7494711686244,675.6601690979923
Essential,36.89664663950219,631.8048729008706
Luxury,77.02013496634382,882.6585907534707,10,9
Luxury,554.3585738564011,611.2010636391062,1,8
Essential,909.059673478659,792.8369603151178
Essential,367.9158611994529,204.24293005249515
Utility,904.5199136818796,660.3511751662589,5.764267770179332,Somewhat
Utility,848.9235484492458,18.941946318363094,59.86667644388597,Extreme
Essential,190.96839687548808,538.6418476609524
Essential,209.90324182031722,571.5992499484695
Utility,552.4970695239168,471.1841451651916,42.4362863083117,Somewhat
Essential,839.1381889730629,665.2302628703609
Luxury,637.2865353174462,528.8063498685814,7,4
Utility,899.5161216697122,481.88453934997244,57.42196473801938,Extreme
Utility,600.9571736571008,248.3398983032948,1.1013006922877433,Extreme
Utility,472.68317854748375,278.8889208382429,25.922364104619213,Extreme
Essential,435.24312466288967,610.3857018436779
Luxury,885.2557639142167,172.31243104000947,1,4
Luxury,789.7516396151797,441.1292996041308,8,6
Utility,860.9117488091621,241.46841810096356,38.76610229202332,Extreme
Utility,638.5156885528802,448.34593087643884,12.75818459569178,Extreme
Luxury,292.17157112133606,224.2318637296504,5,1
Essential,799.0905727477783,840.738051401788
Essential,303.8968620071073,805.993883668304
Luxury,110.72634427862971,461.7096494381867,6,8
Essential,429.4178955779053,418.26171084083325
Utility,578.5087395638014,721.4705435900839,59.68417776413335,Extreme
Essential,578.9378517199766,277.0442456598398
Utility,504.61099059774614,501.94717897875876,88.19587179278243,Extreme
Utility,870.295900461274,760.9588210521385,21.0843464624751,Extreme
Utility,586.5163116972202,616.4005379921066,39.43358004616477,Extreme
Utility,251.26403540415134,824.5649373911862,22.73666596657893,Extreme
Essential,72.52161887860447,57.963572290340885
Essential,32.05413024107852,211.77352557448714
Essential,125.24876848077903,889.8365865217581
Utility,50.739247735177976,566.4528612343374,12.754356444584436,Somewhat
Essential,685.3706222181244,446.8276960002101
Luxury,34.955294946459475,343.7893542941746,7,10
Luxury,313.8145732853056,89.95719680111624,9,10
Utility,345.79302939916363,383.4596766087226,32.839760747765744,Extreme
Essential,204.99922274051792,743.7771477575506
Essential,481.30077737258875,36.47181968075223
Essential,491.6389875752488,32.68400534131132
Utility,777.2166337701209,392.1242804039759,70.81234251702608,Somewhat
Luxury,251.3990780179714,750.5893286845098,3,7
Utility,356.99070279960455,476.3205313223822,90.85051607142968,Extreme
Essential,778.1488098262373,130.0923227645318
Utility,430.04925877623367,648.7241535537171,27.0410616592473,Somewhat
Essential,31.33183672726473,219.5334495818885
Luxury,503.8623294918308,582.314747764959,7,8
Essential,303.12346429089916,393.251781036577
Essential,196.67643639415903,792.6178034532084
Utility,21.28255372836803,758.8857217810569,14.125051865423032,Somewhat
Luxury,887.9698675679854,802.8204798957394,1,2
Luxury,763.2006495595472,227.36894795053402,7,2
Utility,601.627983702631,327.7142954425914,27.641681474628065,Somewhat
Luxury,363.50098576259336,834.0996215591955,10,5
Essential,296.96699576556927,787.8770055562777
Luxury,627.7855400214993,855.0624464190521,3,4
Utility,359.51159108570863,525.5485035300389,28.160600165403338,Extreme
Luxury,609.4301260241818,102.18345426671684,1,6
Essential,715.5361774067184,249.36502880367203
Utility,174.06440425662305,363.3465721014536,24.227572705529454,Extreme
Essential,753.0149220446277,338.4626482661066
Luxury,15.529770628455399,582.8425987282991,9,4
Luxury,187.99164339243802,790.4918748277195,3,7
Essential,637.764185602676,315.30166812995515
Luxury,365.096564204589,350.31060737848276,8,7
Utility,776.3245195905614,830.2335451605643,80.07811946515815,Somewhat
Essential,183.98755038554728,556.4983700764141
Luxury,257.7884116544275,245.81966055760404,10,7
Utility,790.777307916267,787.3104784284459,31.06393919764876,Extreme
Essential,373.8637548919102,642.1263080444165
Luxury,569.3203075503842,386.8141337241236,6,5
Luxury,857.1273485704218,105.49926592650894,3,4
Luxury,33.274833735685085,840.7541393518574,3,3
Essential,351.9973971340692,683.765945325305
Luxury,835.0620584401648,322.2004072420346,10,5
Essential,690.052897966978,98.1561462068803
Utility,484.1578604531916,202.80214656788633,75.34646076794898,Somewhat
Essential,711.1481027905082,817.7084959115906
Utility,395.3972563376701,853.3681111390766,98.02652649327207,Somewhat
Utility,117.68710295704123,666.8970219686009,92.56292195674112,Somewhat
Luxury,906.8348937329876,594.7991088602205,8,1
Luxury,79.53584657971304,400.0815477003814,4,10
Luxury,471.5988728390247,195.1543630530114,7,10
Essential,140.28452719203682,222.55887060460952
Essential,462.61950078066,186.67577772516142
Luxury,786.174656393975,54.30932975715619,7,2
Essential,222.69274317270248,564.7261780718761
Essential,544.7686409428906,437.12338766177567
Luxury,339.4938717648999,836.1748766001512,5,7
Utility,114.68867178593277,229.03687514606233,90.54282026638208,Somewhat
Luxury,511.17275643673673,486.16826838144925,3,10
Luxury,660.0530428172173,10.43818180419387,2,1
Luxury,247.62389418919057,232.05836960946124,10,6
Essential,637.1980558699458,66.28908682344809
Utility,156.41718718652555,290.9456908426436,27.132542985928755,Extreme
Utility,257.75005001743705,898.8023687122064,68.5199061342298,Somewhat
Utility,653.7702065024193,40.25432446193508,51.86219791277003,Somewhat
Luxury,43.8283340939408,184.93806269461476,1,10
Luxury,386.516815755171,433.26673703224765,4,4
Luxury,630.1784243557407,894.1401704970301,4,3
Utility,602.5095377077126,737.8329596679188,14.739248695162932,Extreme
Utility,321.3362318139424,71.42587725494631,92.71583578768966,Extreme
Essential,123.57775325443748,145.77960431414695
Essential,811.5073351617,704.9638985352076
Luxury,638.9842101054417,584.451076909322,1,9
Luxury,410.93817334206796,734.9239135706033,8,6
Utility,352.52844857799073,277.5075343139287,16.4632572390084,Somewhat
Luxury,773.9236265257274,906.7922971487999,5,5
Utility,425.87904287084774,138.72652330858156,85.47094050775857,Extreme
Utility,757.8778869704989,865.2859041990581,59.40114680880172,Extreme
Essential,725.4351411974344,619.1302502861957
Luxury,798.4814981983895,243.57599517552,2,1
Utility,298.146278038134,457.5624359853967,61.88685129605583,Somewhat
Luxury,865.5488458201617,174.18833644095818,4,8
Luxury,643.6494151054081,303.43697691365804,4,10
Essential,271.9364409976081,139.47882399389954
Utility,202.48372405365083,483.44949414849765,43.703213840781395,Somewhat
Utility,266.20721959090656,24.488936720565704,77.59427273171525,Extreme
Utility,26.21257176169848,308.0367165447636,38.69968333332674,Extreme
Essential,22.018650571114577,753.6617886014927
Luxury,382.1476073940744,425.69613796171865,3,9
Utility,834.1461992490007,92.6537517068185,73.10332407960797,Extreme
Luxury,441.0100553388254,64.63915573881818,2,8
Essential,357.1562191320358,744.0004655313425
Essential,796.4985132813011,785.5631311199141
Utility,726.9241234510631,754.1573002862464,52.840082351231565,Somewhat
Essential,345.83961238909365,538.4337878329882
Utility,678.9886914897714,845.4579130877796,22.59551343780878,Somewhat
Luxury,692.0648143038966,864.3024572553119,4,1
Essential,212.4667278540375,892.3871227939316
Utility,669.0655044265771,674.7545326977985,35.71651594679953,Extreme
Utility,762.266271788371,227.55270958230318,92.93360946900255,Extreme
Luxury,879.1918877266264,902.1505843425728,7,9
Essential,42.53016155127823,420.0231538850213
Essential,587.7250085829044,435.5681523224243
Essential,808.9526338504429,548.7164683397319
Essential,367.9498207149405,342.75758911699677
Essential,374.56452870753,398.1541635073433
Utility,167.66619437650164,671.3383564490802,58.33088014229163,Somewhat
Essential,502.3668195196856,313.02657566638163
Luxury,376.79356190659314,578.0031440097198,7,8
Utility,253.22753697152555,773.2510850443272,86.11278314518734,Somewhat
Essential,453.0211333931774,307.25372887692475
Essential,675.6944122189102,167.17371486333303
Utility,56.55496637735087,383.1375442945096,98.60008705587848,Somewhat
Utility,381.17670665929376,501.14961022455856,65.65293140498157,Somewhat
Essential,801.0404424812804,136.08905495865503
Essential,907.8816471108166,805.315665773673
Utility,647.5396277150573,193.1839263252966,28.18890881832543,Somewhat
Essential,511.66724541149625,151.21966514438296
Essential,791.8424531459732,710.4069722857635
Utility,864.4479402172731,801.526668047854,96.94018782677017,Extreme
Utility,639.8576534665755,204.40156765443564,95.5791291880849,Somewhat
Utility,361.1036747123403,301.2790410515352,68.85658309962778,Extreme
Luxury,909.0033573362433,431.5507934267467,2,4
Essential,104.33365454337898,622.6977942466708
Luxury,553.6683183919191,886.8526018615217,9,1
Luxury,480.3546626286213,428.88671572686775,4,5
Luxury,835.092041708746,655.5263232063194,3,7
Luxury,515.5953592884091,547.5309456176543,2,4
Essential,557.0470431031921,176.02250465485562
Essential,901.8906559212616,632.1389065857703
Utility,609.0282866591853,237.79656674251655,41.95829638320552,Extreme
Essential,833.0835378215581,542.6652102320437
Utility,451.58722584513305,18.324940422454787,20.594260572142677,Somewhat
Utility,783.2877684593171,450.2654795052378,86.3684973138009,Extreme
Luxury,226.12344997254942,880.5251134594132,2,7
Luxury,294.40315569277936,302.70100362425876,10,6
Utility,681.6822462794695,799.3331152681633,15.699834223597476,Somewhat
Essential,446.37256055440247,551.1313586164126
Luxury,853.3898500860951,415.6753653092979,10,5
Utility,794.4853679842621,372.20404694122226,79.9367559171389,Somewhat
Luxury,221.03401706011795,891.0394481544089,6,5
Utility,598.4461845808393,707.2091102875569,6.574637016709007,Extreme
Essential,166.78208090300043,515.5691574024759
Luxury,868.8529338197736,528.616210451112,7,5
Luxury,887.1915221850686,303.85835810459,9,1
Utility,233.4079387536078,221.55036997095368,39.18100205608875,Extreme
Essential,652.7291059024327,647.3804211835509
Luxury,171.3337794208938,396.9361992246814,6,6
Luxury,689.3962065401466,909.2930863941332,1,9
Essential,263.7769748995138,614.8246564221959
Essential,711.2100614308628,23.553380692971007
Essential,152.33910305725777,28.580310574949877
Luxury,317.2210117816546,694.8530633405302,8,9
Luxury,37.203956036242026,767.0102781493022,8,1
Essential,654.6431302561526,654.0237225692746
Luxury,359.6510500410459,645.0527155144954,2,2
Essential,431.811336614036,337.7617132065181
Essential,759.9123879708226,88.46623662237036
Essential,545.532436169947,662.3740197630294
Luxury,437.17590210717583,799.424767250156,7,5
Luxury,336.54414299095197,808.0809513208246,5,1
Essential,236.05193653148456,608.8725616757986
Luxury,694.2901396123058,877.3527781437436,8,3
Utility,95.50996594870035,92.15102817491781,75.33968216036547,Somewhat
Essential,406.6044216687676,76.14314292725629
Luxury,777.9828934093458,615.3529705242769,6,4
Luxury,217.45512343805873,761.4469738599695,8,10
Utility,692.0166530913775,420.14335412857844,45.101601168928,Somewhat
Utility,846.8520763290585,280.07548779295354,67.37691358536027,Somewhat
Essential,289.7523044902325,380.19821951135987
Utility,614.3868549025743,517.3173226781589,16.090483745454907,Extreme
Essential,312.4924756859868,462.2072867691447
Luxury,78.32059975157404,241.48850581309415,6,7
Essential,154.15275747310275,13.129238302230664
Utility,739.1009625505401,671.4380349700398,97.20633585055661,Extreme
Essential,821.7524598111071,361.94209814050294
Utility,80.66551706507906,246.21082903320777,55.68937450447018,Somewhat
Utility,314.05852973568034,292.39851862226914,89.22294172777896,Extreme
Essential,109.71749798977241,221.15563424013854
Utility,676.6605636327884,112.95468450641407,17.120147370693285,Extreme
Luxury,433.1666617823773,289.0413183185021,2,8
Utility,476.5496426054395,900.1681670554375,25.276446854949253,Extreme
Utility,575.0124882225572,47.91371296206866,75.87750613561265,Somewhat
Utility,272.35080042411624,742.4840286243304,81.09969734976315,Somewhat
Luxury,419.2305521752288,854.8004131638725,1,7
Luxury,482.24069151992217,201.64704927995533,1,7
Luxury,126.17289224900875,220.43885362274642,9,4
Luxury,293.4368200369252,220.06367201919005,10,1
Luxury,330.0073589100726,759.252359618655,3,2
Essential,324.97579557783524,428.8151854906753
Essential,793.27832129526,63.637821153637255
Essential,527.6531081824752,239.32953908768707
Essential,628.9894247247549,405.91070656925837
Essential,326.7709371838401,124.98398463811412
Essential,798.2017433202778,547.4655959224809
Luxury,254.04339003701304,301.2720486746312,5,6
Utility,74.86180210827766,370.2016032580457,30.707088220179457,Extreme
Utility,266.9667604113008,413.90457919934624,31.652574839813607,Extreme
Essential,809.6933773324929,887.641316792035
Luxury,547.0051088195488,647.1800865886253,9,10
Essential,447.7509877554546,240.46302062960834
Utility,630.2754919994381,183.5400550510796,40.23026165214528,Somewhat
Utility,364.73718916088836,215.62246528492983,56.16810893358646,Extreme
Luxury,82.23241869936096,262.8825813060745,6,9
Essential,228.32654178729777,37.47663463088619
Luxury,729.8526324111933,25.750359187551165,1,6
Essential,813.4963045475578,392.62592913467637
Essential,109.27529241761052,727.3504791584827
Essential,661.6359214828952,200.65234133554634
Essential,429.12852163415346,47.97001558903192
Utility,771.278365225649,678.9828968186303,94.09187314756305,Somewhat
Essential,815.8884272994386,84.79585017849139
Essential,142.33478217768007,839.201776959259
Luxury,186.69632634245994,427.36755967675487,3,5
Essential,645.293712106273,481.34884290980034
Utility,133.01687800354222,752.3312364457993,82.40361771569458,Somewhat
Luxury,830.0812149387108,236.10665493702658,7,10
Luxury,198.59000982983872,827.1397534742722,5,10
Luxury,856.6160739811204,129.19302634889655,7,6
Utility,20.918033743816324,243.1935636408772,23.227889922743337,Extreme
Utility,728.2077330735805,310.3870698607673,38.62818356435069,Extreme
Luxury,371.348616448376,499.4949264078269,7,1
Luxury,623.828296315429,153.72347006798336,10,10
Utility,367.58443273955385,594.2499831238246,65.13593897732535,Extreme
Essential,532.6517181385258,819.7703415570932
Luxury,16.886253027798162,194.09746209721652,9,6
Luxury,60.33447184582192,400.90171811557343,3,8
Essential,184.09422743100427,544.393864992318
Essential,180.7222266973599,663.9315363148467
Essential,612.3541284108926,233.12422213981304
Essential,657.2963001798952,281.127855930377
Luxury,516.498040875319,681.6533011925046,2,5
Luxury,884.979309291937,877.8980798556922,6,7
Essential,723.2871882538966,651.5182222197851
Essential,367.9227478133659,467.34368588056446
Luxury,779.0073911510169,689.2975898117995,4,8
Essential,205.59580624519552,408.0494015421342
Essential,805.6371304101242,835.62291236076
Essential,416.81041685408735,203.4322210491651
Essential,178.0516822490158,766.6888541551587
Luxury,622.3321489472967,205.26172613663064,4,3
Luxury,109.1021396258908,224.73042779931023,3,5
Utility,117.62059332469708,27.025495689842895,78.11298569521603,Extreme
Utility,726.2949557737102,274.7993315713229,83.44002281399294,Somewhat
Luxury,227.10876657605797,866.5610337214612,3,1
Utility,541.0035707104324,641.8378634023488,17.999646781245282,Somewhat
Luxury,276.89309694753865,199.31419183473344,2,5
Essential,196.2053901630531,46.035892721064634
Luxury,642.3511894705491,715.9662691331856,9,8
Utility,177.10068058073185,162.58295065436351,0.05737266467832347,Somewhat
Luxury,154.0073368529361,729.4370140877334,1,3
Luxury,613.006971261889,286.5640859477855,10,6
Utility,282.5773549405129,161.14363819321994,98.0858087970399,Extreme
Luxury,567.0058141572763,832.0003044154901,3,1
Essential,304.6305882478876,256.80482951323626
Essential,367.297400209056,884.1046762034556
Essential,402.09033473123606,846.5498832350668
Utility,736.870244736172,746.1910614609765,59.777385680893424,Somewhat
Utility,408.4129346040724,605.5274772886107,0.8006448927827647,Extreme
Luxury,181.42477272807994,407.69498123231125,4,7
Essential,287.610804312278,826.135171243553
Utility,438.9401522751542,648.0329049484084,58.528191225215096,Extreme
Luxury,256.9153291049549,493.3925360991811,1,6
Luxury,343.6520847263219,624.1590512435365,2,1
Luxury,775.4926023295537,215.546235812362,7,4
Essential,779.7264144192548,193.95309129901543
Utility,450.57741326161016,284.01223856334633,1.053076625260041,Somewhat
Utility,669.5818887212099,159.7924728901956,60.761548847646615,Extreme
Luxury,565.0817714853947,97.84073314755169,2,6
Utility,167.70798783817776,818.0995746563676,3.404692276838406,Extreme
Utility,427.8207189902105,739.743857317338,19.390674618097336,Extreme
Utility,251.44511794931762,493.56360842789223,2.9267431673622446,Extreme
Essential,419.6587227778771,760.407795229401
Essential,254.62143446555987,322.43082756353425
Utility,608.1556242872797,359.26252316610174,49.87451280119238,Extreme
Utility,887.5535893193213,760.3470269179612,70.93245706143027,Somewhat
Luxury,781.5941433899751,277.04337201383646,5,9
Utility,284.82926147546146,445.107429649555,16.210618639188446,Extreme
Luxury,680.5513537763454,254.86476494845962,6,1
Utility,866.0310091110314,485.398202838407,96.30614744887325,Extreme
Luxury,523.6755557406195,507.90338138528693,10,10
Luxury,97.91004935203074,618.1603623922425,8,10
Utility,439.0055116151296,897.6713328508592,79.98166466783897,Somewhat
Essential,217.84529157660347,50.66159352000464
Utility,732.1730904239248,627.1883410104898,15.32291939109427,Extreme
Utility,231.70276940919652,749.4482484111622,66.75680806512953,Extreme
Luxury,831.0364790181934,904.5355672155241,10,7
Essential,714.9853491139536,770.857499486176
Utility,77.14496576889857,123.13174352214878,69.62425993409728,Extreme
Luxury,207.16210337662343,106.23637281602741,10,7
Utility,434.93280585712466,875.4551174980418,77.36858700907337,Somewhat
Luxury,661.5491423158503,812.0009628732475,4,4
Utility,343.9917453304333,793.3163761270254,68.50903188864913,Extreme
Essential,269.80017387234477,813.6727204859928
Utility,462.01368464329613,327.8905887409355,3.5620066360673053,Somewhat
Essential,876.9719327719359,615.3602153971358
Essential,590.185594227174,737.9564688109282
Utility,786.3122555792415,501.05167719526634,9.242639365301052,Extreme
Essential,484.4046748492161,579.2285192836505
Luxury,555.0332493778756,483.97927210887434,8,3
Luxury,864.0688480631579,746.0652990472578,2,1
Utility,247.94847301916045,197.45517767129832,56.0778849394631,Extreme
Luxury,783.5220641371615,629.3970016675833,2,3
Utility,738.5850756192556,787.5671888500741,64.63587920538639,Extreme
Essential,468.40644105187585,625.7236463143254
Utility,358.0521920752409,758.4330548863137,82.36255895925834,Somewhat
Essential,821.2683522745215,899.8186534429993
Utility,296.15986288291083,443.2071186830761,45.21837133013832,Extreme
Essential,468.35645416521993,267.6004411448472
Luxury,355.49707157776345,863.4823722322343,2,7
Utility,398.68046849526155,84.89690607232832,0.0033124723205824047,Somewhat
Essential,620.385287535873,652.6443829354749
Luxury,764.9797353638087,813.2567702279781,9,2
Utility,197.6502448072549,14.593039163480073,55.71770594847318,Somewhat
Luxury,371.2573621889259,607.6910964647764,1,8
Utility,703.6644450032828,792.109298616981,38.34939078843579,Extreme
Luxury,680.141211905791,290.6432293818686,8,2
Essential,536.9465181614918,34.194166296630094
Luxury,506.6173450069837,304.3023264893797,8,4
Luxury,12.740678698028741,440.672175916911,5,8
Essential,718.2021552487149,126.71671601711294
Luxury,901.3009669222074,604.1891976328427,1,9
Essential,905.3108084303958,241.4417365644051
Utility,551.8484240145385,536.5075079926371,65.57367972689377,Somewhat
Utility,484.09252820518793,290.3696249245617,32.25454221990462,Extreme
Luxury,76.97064031785312,298.2701386249959,6,6
Utility,27.98571174692042,854.8289328787232,31.99452176182177,Somewhat
Luxury,239.23470988641,755.0591301563638,7,8
Utility,836.4838104641963,332.85785619413986,91.39107184304478,Somewhat
Essential,138.79383628569312,723.0046825006419
Utility,737.1712064318543,509.8704131125862,21.752073588842215,Somewhat
Essential,588.71267060768,519.779689652248
Luxury,389.65217347097996,776.6052511217378,1,10
Utility,121.35196232196458,115.61084041826611,46.48056792854254,Extreme
Essential,319.3462201361984,168.50403442758412
Luxury,684.1981389063127,479.82100963386426,3,7
Essential,679.7060113200005,290.70377714337695
Utility,643.8596243434159,839.1675771580465,29.743999556656718,Somewhat
Luxury,156.061596135141,138.135164912709,3,5
Essential,526.3341433404124,704.6664979671317
Luxury,124.42717031662774,40.576581047548345,8,1
Luxury,692.4691519849003,397.791183536253,9,7
Essential,830.3645935843571,328.280936172981
Luxury,826.7797562707693,430.5121614815004,3,8
Luxury,431.15127834377677,165.3180855156304,5,3
Luxury,277.32879821146946,731.5501433272154,7,9
Utility,418.85864089119747,247.20346426203741,0.12780262058289527,Somewhat
Utility,398.48449219489464,551.9270031645075,85.50329576179782,Somewhat
Luxury,38.77938817408257,253.96466441653072,2,5
Essential,172.75392388433752,609.6986574613344
Utility,767.8191497899788,211.63833529359061,47.84931552862487,Extreme
Essential,214.09421256261845,467.2717884450875
Luxury,779.5976749519764,376.1850264533195,5,7
Utility,393.8492443174686,270.2999815172554,48.88939387531378,Somewhat
Utility,597.1250252046713,143.00426506142173,96.33265255386426,Somewhat
Luxury,23.011720557344496,389.39698620309866,6,8
Luxury,798.8288449947892,238.97811433541852,6,7
Utility,93.61057362234601,81.19845089402392,46.935407609629365,Somewhat
Essential,164.808978061234,619.4455066306806
Utility,391.08565928672937,312.4038017681817,18.416587909280924,Extreme
Essential,634.5954898582676,324.3214161566374
Luxury,65.88407709236358,192.39180775907016,5,2
Luxury,297.5835111897695,577.697173287031,8,5
Essential,449.567076155411,379.4083466641025
Luxury,129.13199413965566,252.08117948243182,8,8
Luxury,334.0974098652394,494.06956515364163,3,1
Essential,62.075405094405944,684.4544177198014
Utility,782.4566258506206,98.46552810613333,59.963692626636444,Somewhat
Luxury,603.9317851913553,616.9811654066681,1,3
Luxury,755.7418711624905,54.2036658251828,10,9
Utility,183.03196884427086,473.62551564207365,55.89451972649745,Extreme
Luxury,884.0708116924773,423.84717221821256,5,3
Essential,143.77164694586014,544.7280037290949
Luxury,687.9213377266541,638.5703588365183,3,7
Luxury,370.14360793651247,500.1417356430554,5,6
Utility,875.9480797085408,762.9021436269248,76.70969674149336,Somewhat
Utility,391.86032584822084,178.8782437321403,62.26880159671641,Extreme
Essential,436.30128365891267,59.77029709866358
Essential,837.9988769503854,672.2255687148454
Luxury,123.38727475681182,40.33966199027901,8,5
Utility,33.313056386194965,492.2499246291473,86.34415276577289,Somewhat
Utility,607.0684097310859,629.3459346433717,3.096491725899797,Somewhat
Luxury,724.3906394646463,333.73655681727956,6,7
Essential,52.36887015262274,172.60678785933598
Luxury,25.968177438029763,229.94230323828972,7,2
Essential,113.78793220865754,718.2248079908594
Essential,547.7002174872703,350.03897622886046
Utility,685.4591283385629,210.69478430574807,89.98555081952439,Extreme
Utility,700.0508094910566,687.7395266671421,15.757595134870883,Somewhat
Luxury,671.398875596385,364.1901937017793,9,9
Essential,690.9931416388242,192.43565497161717
Luxury,205.49917420982115,210.99109219797785,7,3
Luxury,190.749026898498,344.3740021624097,3,1
Essential,758.9395620094311,348.7335135021971
Luxury,907.0320233594257,299.62062435138847,7,8
Essential,707.9884684207112,432.42660605183664
Essential,492.9020036536081,768.9469854431103
Essential,118.08084034198671,846.8458395357056
Essential,630.324526017607,385.74426019065965
Utility,496.4767050180067,797.2560397494674,84.7189675662653,Extreme
Essential,446.0850968792313,807.4998257821785
Essential,186.19924301730143,340.1198816933129
Essential,655.7117832144397,335.44304761226726
Luxury,464.90659535579215,608.0834077268036,4,6
Essential,734.8250756568324,573.8594502341299
Essential,126.53768253903506,710.7109681477353
Essential,505.8348214305412,586.9753101945354
Essential,810.780348684233,82.81313660897892
Essential,103.11042288169523,738.3976116399668
Luxury,137.88880108322425,749.4952240547685,10,7
Essential,75.69578901465954,249.8570401785343
Essential,354.0353854113419,786.3496380910924
Luxury,316.7664831913794,228.88230029525525,6,8
Essential,496.7307812757595,96.32386867203728
Essential,294.9680393492296,524.041699159176
Essential,513.1929222706981,459.2243408650188
Essential,168.12719697648728,210.18133645325972
Luxury,74.98544409012335,515.8267000458189,5,3
Utility,531.7409462434259,58.9304845019134,19.71140891682609,Extreme
Essential,443.36062703842526,77.9756216154388
Luxury,469.42650501468626,404.4613429075403,9,6
Luxury,260.6162150166747,719.4897447809468,9,7
Essential,593.5863199501081,858.5205088155756
Essential,366.27242581632106,655.1476456603195
Utility,516.8472898059863,530.9185109628409,65.90632816861019,Extreme
Essential,345.95678510904054,548.1029340190001
Utility,397.98294469526587,682.5558858668909,51.862499800752005,Somewhat
Luxury,716.4578868459317,148.31917828458938,6,5
Luxury,254.38506868565565,813.4534045782336,4,6
Utility,652.202509751664,878.9105786158765,25.2014850036697,Extreme
Utility,321.6244139190055,141.04628561978342,14.114102622408154,Somewhat
Luxury,584.7760925824806,48.720055984594424,7,1
Essential,167.5497548207061,533.4406864769632
Essential,287.397348530265,645.1919124997779
Essential,503.5495172234616,422.5179618351668
Luxury,720.1262577127033,737.9061290580856,7,4
Luxury,10.48058239081672,558.004258778732,1,1
Utility,656.3327543398234,809.6271558876206,96.95819590849342,Extreme
Essential,175.20198263772323,68.205353431866
Luxury,321.56918997072694,403.6155086883119,8,2
Utility,308.02394701282543,144.08261916015493,54.947350537773545,Somewhat
Luxury,563.7129446081016,692.6229486450208,2,1
Essential,660.8734199351378,715.6820907817271
Essential,833.5920846359866,768.2728361561316
Essential,746.8858167731282,792.5332726902188
Luxury,627.3986615428677,792.169999504037,7,1
Luxury,643.9978743674416,453.1744913819204,8,9
Luxury,334.70491149668925,840.9289285172796,9,4
Utility,693.8613443485301,564.3845670497394,0.4764710624492352,Somewhat
Essential,124.52483753599513,377.6214332261788
Luxury,283.25562338173233,454.0851386607138,5,2
Essential,185.9131414457064,130.73135827874893
Luxury,538.1176593266571,723.1376953601368,2,9
Utility,591.3623801448789,59.68382047703835,48.35693063700496,Extreme
Essential,874.4666148012416,341.1543146017945
Utility,228.9751249564354,842.6661069159329,77.54671702006776,Extreme
Utility,563.3381235849367,706.4282040551517,57.0551745412743,Extreme
Essential,583.371929035478,902.3648390791404
Luxury,258.30345378470963,838.0854532908874,3,3
Essential,725.9384124429918,696.4134308561245
Utility,448.137021072979,301.5467890641932,46.74935473131342,Somewhat
Utility,877.2688720896401,647.0202730198585,89.46141836625272,Somewhat
Utility,554.4974990966836,397.270146843563,68.71767877096099,Extreme
Luxury,889.8360909174773,779.6621210833295,4,7
Utility,691.3667568478112,507.2970073770149,45.37801807077876,Extreme
Essential,610.0661233177989,409.27903611285655
Utility,766.0967652244029,332.17197074207763,89.72377540373483,Somewhat
Essential,828.8693632121593,524.3813248921181
Utility,794.4650168742606,612.4685046538053,35.98598106565183,Extreme
Essential,91.36352032758018,620.921383325542
Utility,579.8220187164912,459.3204244337244,90.64734500816479,Extreme
Essential,91.91995766830325,292.8362576674257
Essential,698.29049591516,90.57907826217085
Luxury,116.70323146845429,721.2498138166173,10,2
Essential,323.814348462549,167.18617591566013
Luxury,492.736271385171,781.9103395940697,5,7
Utility,713.5978207700691,803.8778623336823,95.71510941413895,Somewhat
Luxury,511.5631740091997,87.00562270595688,9,4
Luxury,77.18788160384963,302.8757267577375,3,4
Luxury,567.7375831235449,216.93973742759349,2,6
Luxury,859.2727499817454,684.132769421636,8,10
Utility,519.1654721184609,304.9830581392127,0.756261272033687,Somewhat
Utility,547.039557601285,110.30446674713367,67.36059806967769,Somewhat
Utility,640.6767089053949,639.9896302941773,18.178596471454156,Extreme
Luxury,801.2358323149383,310.7395439074219,6,7